model,비교,ΔAUC,95% CI 하한,95% CI 상한,0 포함
Ridge,① 베이스라인 (22) → ② +교차지수 (22+12),-0.0026,-0.0364,0.0318,예
Ridge,① 베이스라인 (22) → ③ +TDA (22+8),-0.0345,-0.0605,-0.0097,아니오
Ridge,② +교차지수 (22+12) → ②+③ 전부 (22+20),-0.0275,-0.0479,-0.0069,아니오
Ridge,⑤ 변동성만 (4) → ④ TDA만 (8),-0.0444,-0.0961,0.0069,예
Ridge,④ TDA만 (8) → ⑥ 저중복 TDA (5),0.0199,-0.0106,0.0498,예
Ridge,⑤ 변동성만 (4) → ⑥ 저중복 TDA (5),-0.0245,-0.0779,0.0285,예
Lasso,① 베이스라인 (22) → ② +교차지수 (22+12),-0.0079,-0.0406,0.0257,예
Lasso,① 베이스라인 (22) → ③ +TDA (22+8),-0.0323,-0.0504,-0.0152,아니오
Lasso,② +교차지수 (22+12) → ②+③ 전부 (22+20),-0.0227,-0.0418,-0.0041,아니오
Lasso,⑤ 변동성만 (4) → ④ TDA만 (8),-0.0613,-0.1082,-0.0147,아니오
Lasso,④ TDA만 (8) → ⑥ 저중복 TDA (5),0.0125,-0.0229,0.0484,예
Lasso,⑤ 변동성만 (4) → ⑥ 저중복 TDA (5),-0.0488,-0.1028,0.0044,예
